[M] Yeah, I don’t know. Is it a dream? Or real life? Tell me.
[P] 깜빡이는 커서(Cursor) 멍하니 봐
[P] 또 화면 속의 난 좀 낯설어 보여
[M] 어지러운 방 안,
[M] 흩어진 Clothes 정리가 안 돼, 내 머릿속도
[P] 알람은 껐어 No disturb
[P] 오후 2시인데 아직 꿈속 같아
[P] 네가 보낸 Text, 읽지 않고 Swipe
[P] 근데 자꾸 신경 쓰여 Why?
[M] (Tell me why, tell me why)
[P] I’m sleepwalking to you
[P] 눈을 감아도 보여, It’s true
[P] 발이 닿지 않는 기분 구름
[P] 구름 위를 걷는 듯해
[M] Ooh-ooh
[P] 뭔가 좀 이상해, This vibe
[P] 깨고 싶지 않아, All night
[P] Just like, sweet déjà vu.
[M] 거울 속에 비친 표정 It's so funny
[M] 쿨한 척해 봐도 들키는 거니
[M] You got me like,
[ALL] "Oh my god" 말 돌리지 마,
[M] Stop it 빙빙 돌려 말하는 건 지루해
[P] 솔직히 말해봐 Do you feel the same?
[P] 보라색 하늘, 경계가 흐려져
[P] 현실감 없게 만들어 넌
[M] 숨을 멈추고 Dive in 이 기분은 마치 Blue
[P] I’m sleepwalking to you
[P] 눈을 감아도 보여, It’s true
[P] 발이 닿지 않는 기분 구름
[P] 구름 위를 걷는 듯해
[M] Ooh-ooh
[P] 뭔가 좀 이상해, This vibe
[P] 깨고 싶지 않아, All night
[P] Just like, sweet déjà vu