[P] 차가운 공기, 창문을 내려
[P] Back seat엔 던져둔 자켓과 Fear
[P] 불빛들은 선을 그리고
[P] 날 어디론가 데려가고 있어
[P] 복잡한 지도는 필요 없어
[P] 네 눈동자에 비친 내가 길이니까
[P] 스쳐가는 가로등은 마치
[P] Spotlight 우리만의 무대 All night
[M] 내비게이션은 꺼둬 No direction
[M] 이 속도감에 맡겨 Heartbeat action
[M] 백미러 속 멀어지는 순간의 기억
[P] 끝없는 이 도로 위,
[P] 너와 나 단둘이
[P] On the Highway, 멈추지 않는 꿈을 꿔
[P] 터질 듯한 Engine, 네 숨소리
[P] Oh- oh- woo- 이 밤의 끝까지 달려 Drive with you
[P] Drive with you
[P] 엑셀을 더 밟아 No hesitation
[P] 반응하는 나의 Motion
[P] 백미러 속 멀어지는 순간의 기억
[P] 신호등은 모두 Green light
[M] (Green light)
[P] 망설임 없어
[M] (All right)
[P] 더 높이 날아올라
[M] (Yeah, fly high!)
[ALL] 끝없는 이 도로 위,
[ALL] 너와 나 단둘이
[ALL] On the Highway, 멈추지 않는 꿈을 꿔
[ALL] 터질 듯한 Engine, 네 숨소리
[ALL] Oh- woo- 이 밤의 끝까지 달려 Drive with you
[ALL] Drive with you
[ALL] Overdrive.