[M] Oh, where are you?
[M] I’m still waiting for you...
[P] 말했잖아, 그건 19일이라고
[P] 넌 몰랐겠지
[P] 그렇게 늦게 찾아올 줄은
[P] 항상 한 발 빠르게
[M] 날 찾아와 기다리던 너
[M] 이젠 그 모습
[M] 찾을 수가 없는데
[P] 너 어디에 있니
[P] 멀리 있다고 하지 마
[P] 사랑은 항상
[P] 가까이에 있는데
[P] 어디쯤 온 거니
[P] 항상 널 찾아 헤매는데 종강은 아직
[P] 저기 멀리에 (저기 멀리에)
[P] 저기 멀리에
[M] Yeah, 밤샘은 또다시 날 찾아오고
[M] 카페인은 이미 치사량을 넘었어
[M] 교수님의 마지막 선물인 과제 폭탄 던지기,
[M] 무책임하긴 내 머릿속은 파업함 너 때문이야,
[M] 16주 동안의 마라톤 결승선이 보여야 하는데 왜 신기루 같죠 Please
[M] come back to me 내 학점보다 네가 더 간절해
[P] 기말이라 부르며
[P] 날 괴롭혀 아프게 했던 너
[P] 이젠 그 시간
[P] 끝낼 때도 됐는데
[P] 흔들리는 멘탈 부여잡고 외쳐
[M] 너 어디에 있니
[M] 멀리 있다고 하지 마
[M] 사랑은 항상 가까이에 있는데
[M] 어디쯤 온 거니
[P] 항상 널 찾아 헤매는데
[P] 종강은 아직
[P] 저기 멀리에
[P] 하루가 일 년 같아
[M] (일 년 같아)
[P] 모든 게 끝나는 그날
[M] (그날이 오면)
[P] 자유라는 이름으로 널 꽉 안을 거야
[P] 조금만 더 버티면 돼
[P] 제발 내게 와줘 Oh
[ALL] 너 어디에 있니
[M] (어디 있니)
[ALL] 멀리 있다고 하지 마
[M] (Don't go away)
[ALL] 사랑은 항상 가까이에 있는데
[M] (내 곁에 있어줘)
[ALL] 어디쯤 온 거니
[ALL] 항상 널 찾아 헤매는데
[ALL] 종강은 아직
[ALL] 저기 멀리에
[ALL] 종강은 아직... 저기 멀리에... 저기 멀리에…